{"cameraMode":{"drawMode":0,"name":"Shaded","section":"Shading Mode"},"sceneLighting":true,"audioPlay":false,"sceneViewState":{"m_AlwaysRefresh":false,"showFog":true,"showSkybox":true,"showFlares":true,"showImageEffects":true,"showParticleSystems":true,"showVisualEffectGraphs":true,"m_FxEnabled":true},"in2DMode":false,"pivot":{"x":-4.120523452758789,"y":-1.3239078521728516,"z":165.13612365722657},"rotation":{"x":0.3840334713459015,"y":0.43619707226753237,"z":-0.21330690383911134,"w":0.7853490710258484},"size":27.066179275512697,"orthographic":false}