{"cameraMode":{"drawMode":0,"name":"Shaded","section":"Shading Mode"},"sceneLighting":false,"audioPlay":false,"sceneViewState":{"m_AlwaysRefresh":false,"showFog":true,"showSkybox":false,"showFlares":true,"showImageEffects":true,"showParticleSystems":true,"showVisualEffectGraphs":true,"m_FxEnabled":true},"in2DMode":false,"pivot":{"x":-15.999998092651368,"y":-3.5829358100891115,"z":179.08055114746095},"rotation":{"x":0.18493369221687318,"y":0.42961159348487856,"z":-0.09036009758710861,"w":0.8792493343353272},"size":5.151581764221191,"orthographic":false}